ImageNumber,ObjectNumber,Children_FinalDots_C2_Count,Children_FinalDots_C3_Count,Intensity_IntegratedIntensityEdge_DAPI,Intensity_IntegratedIntensity_DAPI,Intensity_LowerQuartileIntensity_DAPI,Intensity_MADIntensity_DAPI,Intensity_MassDisplacement_DAPI,Intensity_MaxIntensityEdge_DAPI,Intensity_MaxIntensity_DAPI,Intensity_MeanIntensityEdge_DAPI,Intensity_MeanIntensity_DAPI,Intensity_MedianIntensity_DAPI,Intensity_MinIntensityEdge_DAPI,Intensity_MinIntensity_DAPI,Intensity_StdIntensityEdge_DAPI,Intensity_StdIntensity_DAPI,Intensity_UpperQuartileIntensity_DAPI,Location_Center_X,Location_Center_Y,Location_Center_Z,Mean_FinalDots_C2_Intensity_IntegratedIntensityEdge_Channel2,Mean_FinalDots_C2_Intensity_IntegratedIntensity_Channel2,Mean_FinalDots_C2_Intensity_LowerQuartileIntensity_Channel2,Mean_FinalDots_C2_Intensity_MADIntensity_Channel2,Mean_FinalDots_C2_Intensity_MassDisplacement_Channel2,Mean_FinalDots_C2_Intensity_MaxIntensityEdge_Channel2,Mean_FinalDots_C2_Intensity_MaxIntensity_Channel2,Mean_FinalDots_C2_Intensity_MeanIntensityEdge_Channel2,Mean_FinalDots_C2_Intensity_MeanIntensity_Channel2,Mean_FinalDots_C2_Intensity_MedianIntensity_Channel2,Mean_FinalDots_C2_Intensity_MinIntensityEdge_Channel2,Mean_FinalDots_C2_Intensity_MinIntensity_Channel2,Mean_FinalDots_C2_Intensity_StdIntensityEdge_Channel2,Mean_FinalDots_C2_Intensity_StdIntensity_Channel2,Mean_FinalDots_C2_Intensity_UpperQuartileIntensity_Channel2,Mean_FinalDots_C2_Location_CenterMassIntensity_X_Channel2,Mean_FinalDots_C2_Location_CenterMassIntensity_Y_Channel2,Mean_FinalDots_C2_Location_CenterMassIntensity_Z_Channel2,Mean_FinalDots_C2_Location_Center_X,Mean_FinalDots_C2_Location_Center_Y,Mean_FinalDots_C2_Location_Center_Z,Mean_FinalDots_C2_Location_MaxIntensity_X_Channel2,Mean_FinalDots_C2_Location_MaxIntensity_Y_Channel2,Mean_FinalDots_C2_Location_MaxIntensity_Z_Channel2,Mean_FinalDots_C2_Number_Object_Number,Mean_FinalDots_C3_Intensity_IntegratedIntensityEdge_Channel3,Mean_FinalDots_C3_Intensity_IntegratedIntensity_Channel3,Mean_FinalDots_C3_Intensity_LowerQuartileIntensity_Channel3,Mean_FinalDots_C3_Intensity_MADIntensity_Channel3,Mean_FinalDots_C3_Intensity_MassDisplacement_Channel3,Mean_FinalDots_C3_Intensity_MaxIntensityEdge_Channel3,Mean_FinalDots_C3_Intensity_MaxIntensity_Channel3,Mean_FinalDots_C3_Intensity_MeanIntensityEdge_Channel3,Mean_FinalDots_C3_Intensity_MeanIntensity_Channel3,Mean_FinalDots_C3_Intensity_MedianIntensity_Channel3,Mean_FinalDots_C3_Intensity_MinIntensityEdge_Channel3,Mean_FinalDots_C3_Intensity_MinIntensity_Channel3,Mean_FinalDots_C3_Intensity_StdIntensityEdge_Channel3,Mean_FinalDots_C3_Intensity_StdIntensity_Channel3,Mean_FinalDots_C3_Intensity_UpperQuartileIntensity_Channel3,Mean_FinalDots_C3_Location_CenterMassIntensity_X_Channel3,Mean_FinalDots_C3_Location_CenterMassIntensity_Y_Channel3,Mean_FinalDots_C3_Location_CenterMassIntensity_Z_Channel3,Mean_FinalDots_C3_Location_Center_X,Mean_FinalDots_C3_Location_Center_Y,Mean_FinalDots_C3_Location_Center_Z,Mean_FinalDots_C3_Location_MaxIntensity_X_Channel3,Mean_FinalDots_C3_Location_MaxIntensity_Y_Channel3,Mean_FinalDots_C3_Location_MaxIntensity_Z_Channel3,Mean_FinalDots_C3_Number_Object_Number,Number_Object_Number
1,1,0,6,92.764708429574966,959.58825919032097,0.39215686917304993,0.11764708161354065,0.77041836915912365,0.72549021244049072,1.0,0.40865510321398663,0.54615154194099091,0.50980395078659058,0.23529411852359772,0.19607843458652496,0.090054863344587455,0.17906808953878744,0.68137256801128387,827.19294251565168,61.778599886169609,0,nan,nan,nan,nan,nan,nan,nan,nan,nan,nan,nan,nan,nan,nan,nan,nan,nan,nan,nan,nan,nan,nan,nan,nan,nan,2.425490258882443,3.750980487714211,0.22745098608235517,0.091503268728653595,0.1500916726567316,0.43660131593545276,0.54313727219899499,0.26915313028612081,0.30184329264258997,0.29411765560507774,0.14771242191394171,0.14509804298480353,0.088071901556319152,0.11617497253067928,0.41862745583057404,822.20032270241302,55.119640306724648,0.0,822.2259947654685,55.099626494363328,0.0,822.0,55.333333333333336,0.0,8.0,1
1,2,0,26,84.549021616578102,1819.2549421936274,0.47058823704719543,0.15686273574829102,0.89075838773804006,0.7450980544090271,1.0,0.41243425178818588,0.61399086810449788,0.58823531866073608,0.23529411852359772,0.19607843458652496,0.088548371160141484,0.19273509843819331,0.76470589637756348,312.70840364495444,75.239622004724936,0,nan,nan,nan,nan,nan,nan,nan,nan,nan,nan,nan,nan,nan,nan,nan,nan,nan,nan,nan,nan,nan,nan,nan,nan,nan,1.8386124143233666,2.6478130387572141,0.22269985423638269,0.083559579860705599,0.1181172029990438,0.42202112365227479,0.49562595211542571,0.26660825673556715,0.28794585117589866,0.28914028090926319,0.14932127124988115,0.14932127124988115,0.090755097466184681,0.10905747745180906,0.39513575414625496,312.80083995331569,76.303569059820745,0.0,312.80640396961741,76.330285223461402,0.0,312.76923076923077,76.230769230769226,0.0,19.615384615384617,2
1,3,7,0,45.764707118272781,513.17648050189018,0.50980395078659058,0.15686273574829102,0.80690775745905408,0.86274510622024536,1.0,0.44867359919875277,0.67790816446749036,0.66666668653488159,0.19607843458652496,0.19607843458652496,0.14542328429464971,0.20355519672951336,0.84313726425170898,412.40554821664466,93.467635402906211,0,3.6969188834939684,7.1394959752048761,0.36106443511588232,0.099439778498240886,0.077110479038018487,0.56470590829849243,0.69075632095336914,0.40580122149602221,0.44629038794787795,0.45574230381420683,0.25994398764201571,0.25266107278210775,0.098895206338279598,0.12658575968264132,0.55882354932171963,418.49658109127256,92.763465377562284,0.0,418.4765734550715,92.757983743542155,0.0,418.71428571428572,92.571428571428569,0.0,9.1428571428571423,nan,nan,nan,nan,nan,nan,nan,nan,nan,nan,nan,nan,nan,nan,nan,nan,nan,nan,nan,nan,nan,nan,nan,nan,nan,3
1,4,7,1,64.450982019305229,975.8431594222784,0.50980395078659058,0.13725489377975464,0.33139491587734771,0.92156863212585449,1.0,0.45070616796716945,0.63572844262037687,0.62745100259780884,0.19607843458652496,0.19607843458652496,0.13389325567557542,0.18219099495324878,0.76470589637756348,448.71465798045602,90.012377850162864,0,3.0268908441066742,4.2935575459684641,0.34257704019546509,0.085154065064021525,0.085047648921383959,0.5215686474527631,0.66890758275985718,0.37888168492455243,0.41074630734292988,0.397198885679245,0.21568628081253596,0.21568628081253596,0.10024187373439934,0.13044215860535507,0.51946780724184849,440.90050712494985,87.600990703653466,0.0,440.89003139717431,87.605074337427268,0.0,441.0,87.571428571428569,0.0,7.4285714285714288,2.6235294938087463,4.4392158389091492,0.20784314721822739,0.13725489377975464,0.097405922406126874,0.44705882668495178,0.66274511814117432,0.26235294938087461,0.3170868456363678,0.30980393290519714,0.12549020349979401,0.12549020349979401,0.1084999603915279,0.14935725891808233,0.42941176891326904,445.42579505326449,88.777385156436722,0.0,445.5,88.714285714285708,0.0,446.0,89.0,0.0,32.0,4
1,5,7,11,79.294119536876678,1939.4902408868074,0.47058823704719543,0.11764708161354065,0.56906372146658069,0.70588237047195435,1.0,0.402508220999374,0.61924975762669454,0.58823531866073608,0.19607843458652496,0.19607843458652496,0.096130486856895556,0.18316680319987938,0.7450980544090271,639.99169859514689,99.23499361430396,0,2.6739496620638028,3.5563026315399577,0.30882354080677032,0.078711482031004767,0.087748955588167629,0.49523811255182537,0.57703083327838356,0.34578432470027887,0.37494626426671307,0.36834734678268433,0.21512605569192342,0.21512605569192342,0.092778519355017103,0.11525772539769881,0.48669469569410595,624.90525179666759,103.09375380715605,0.0,624.88095238095229,103.09871794871795,0.0,624.71428571428567,103.14285714285714,0.0,16.428571428571427,1.9515152026645162,3.0135473170402376,0.20374331928112291,0.075935831124132325,0.09190976763065449,0.3807486729188399,0.5037433288314126,0.24213490247387776,0.27430623389411479,0.27629234438592737,0.12228164229203355,0.12228164229203355,0.080979560655808427,0.11118051587639757,0.36684492907740851,637.44202800314554,99.570142708679427,0.0,637.45208569653755,99.529652811537829,0.0,637.18181818181813,99.909090909090907,0.0,36.363636363636367,5
1,6,0,1,46.039216920733452,658.23530891537666,0.50980395078659058,0.13725489377975464,0.19900775364447479,0.82352942228317261,1.0,0.46504259515892377,0.65496050638345937,0.64705884456634521,0.19607843458652496,0.19607843458652496,0.11652067070966531,0.17264719622586508,0.78431373834609985,163.49054726368161,133.36019900497513,0,nan,nan,nan,nan,nan,nan,nan,nan,nan,nan,nan,nan,nan,nan,nan,nan,nan,nan,nan,nan,nan,nan,nan,nan,nan,2.0549020245671272,2.7843138203024864,0.17254902422428131,0.078431375324726105,0.091462581069386525,0.54117649793624878,0.54117649793624878,0.2568627530708909,0.27843138203024864,0.20000000298023224,0.12156862765550613,0.12156862765550613,0.14222108713155002,0.15319236104579334,0.4745098203420639,171.70985915534416,136.98450703835272,0.0,171.80000000000001,137.0,0.0,171.0,136.0,0.0,49.0,6
1,7,0,16,81.078433275222778,1841.0392560362816,0.47058823704719543,0.15686273574829102,0.37662658582681702,0.62745100259780884,1.0,0.41366547589399377,0.61042415651070348,0.58823531866073608,0.15686275064945221,0.15686275064945221,0.087275901842280498,0.19815072904908143,0.76470589637756348,314.7977453580902,146.96419098143235,0,nan,nan,nan,nan,nan,nan,nan,nan,nan,nan,nan,nan,nan,nan,nan,nan,nan,nan,nan,nan,nan,nan,nan,nan,nan,2.0080882904585451,2.9700981199275702,0.23480392748024315,0.07892156857997179,0.10170575381814299,0.46176471747457981,0.53897060081362724,0.27456690367691899,0.30234765478300968,0.28627451928332448,0.15269608213566244,0.15269608213566244,0.097011151234675408,0.11992349754532487,0.4240196174941957,310.04294756955005,146.6612035043126,0.0,310.04193452380952,146.64687500000002,0.0,310.0625,146.75,0.0,55.5,7
1,8,0,0,67.490197882056236,1734.6667018681765,0.54901963472366333,0.13725489377975464,0.99544080636412535,0.70588237047195435,1.0,0.41405029375494623,0.69220538781651098,0.68627452850341797,0.19607843458652496,0.19607843458652496,0.10006078463598497,0.17942977720678163,0.8333333432674408,554.30287310454912,149.21588188347965,0,nan,nan,nan,nan,nan,nan,nan,nan,nan,nan,nan,nan,nan,nan,nan,nan,nan,nan,nan,nan,nan,nan,nan,nan,nan,nan,nan,nan,nan,nan,nan,nan,nan,nan,nan,nan,nan,nan,nan,nan,nan,nan,nan,nan,nan,nan,nan,nan,nan,nan,8
1,9,10,8,75.372550740838051,1374.4902272075415,0.47058823704719543,0.13725489377975464,0.8174448865800058,0.7450980544090271,1.0,0.41873639300465582,0.61663985069876248,0.58823531866073608,0.19607843458652496,0.19607843458652496,0.092423532138441261,0.18980788178711658,0.76470589637756348,412.65365634813816,160.58366980708837,0,2.9360785201191901,5.2952942654490469,0.29147059917449952,0.10745098292827607,0.085276758362452548,0.51333335041999817,0.63294119238853452,0.34440800469928168,0.38858731353389364,0.38823530524969102,0.21803922206163406,0.21803922206163406,0.098372235482284048,0.13563927809012782,0.52362746596336363,415.2948386868631,158.12364250591637,0.0,415.28392857142865,158.1225,0.0,415.30000000000001,158.40000000000001,0.0,26.800000000000001,1.6955882762558758,2.4078431990928948,0.20183824142441154,0.06936274841427803,0.12714359008227161,0.39509804546833038,0.4691176563501358,0.2395253007489688,0.26367637979574426,0.25955883134156466,0.12058823788538575,0.12058823788538575,0.092361340025452709,0.11004256235655593,0.37769608525559306,408.84042897103973,161.81367113805567,0.0,408.81835317460315,161.84211309523809,0.0,409.125,162.0,0.0,66.625,9
1,10,1,22,171.54902422428131,5289.6863956302404,0.43137255311012268,0.15686273574829102,3.2368825729243893,0.90196079015731812,1.0,0.42253454242433819,0.59797494863556866,0.58823531866073608,0.23529411852359772,0.078431375324726105,0.10502727575133143,0.19580620211133476,0.7450980544090271,201.41374632602307,174.25401311327153,0,1.7176470905542374,1.7176470905542374,0.28529413044452667,0.080392152070999146,0.12947842258087744,0.47058823704719543,0.47058823704719543,0.34352941811084747,0.34352941811084747,0.39019608497619629,0.20784313976764679,0.20784313976764679,0.097349730739287973,0.097349730739287973,0.45686274766921997,174.18264839624101,173.27168950252991,0.0,174.19999999999999,173.40000000000001,0.0,175.0,173.0,0.0,29.0,2.011586507274346,2.7000000757927243,0.24959893660111862,0.081283426420255142,0.11460590992343435,0.40677362680435181,0.4725490307266062,0.28052574833747895,0.29782814560147391,0.31461676684292877,0.15169340880079704,0.15169340880079704,0.0835633672964229,0.098055801836040762,0.38770054280757904,215.17967954778624,178.78471968881738,0.0,215.19253001879687,178.80636759923632,0.0,215.27272727272728,178.81818181818181,0.0,78.454545454545453,10
1,11,0,0,42.960785433650017,469.96079395711422,0.47058823704719543,0.1568627655506134,1.0047181101303924,0.86274510622024536,1.0,0.45702963227287252,0.6216412618480347,0.58823531866073608,0.23529411852359772,0.23529411852359772,0.12867347051684161,0.20876290270493594,0.80392158031463623,696.45634920634916,178.60052910052909,0,nan,nan,nan,nan,nan,nan,nan,nan,nan,nan,nan,nan,nan,nan,nan,nan,nan,nan,nan,nan,nan,nan,nan,nan,nan,nan,nan,nan,nan,nan,nan,nan,nan,nan,nan,nan,nan,nan,nan,nan,nan,nan,nan,nan,nan,nan,nan,nan,nan,nan,11
1,12,0,2,79.764707684516907,1483.3725688755512,0.64705884456634521,0.13725489377975464,0.85014802807955392,1.0,1.0,0.46920416285009947,0.76423110194515775,0.80392158031463623,0.23529411852359772,0.23529411852359772,0.1667389293555501,0.19152507927014797,0.92156863212585449,270.48428645028338,206.5249871200412,0,nan,nan,nan,nan,nan,nan,nan,nan,nan,nan,nan,nan,nan,nan,nan,nan,nan,nan,nan,nan,nan,nan,nan,nan,nan,1.617647111415863,2.7000000849366188,0.20686274766921997,0.12549020349979401,0.12985982436472815,0.43137256801128387,0.54313728213310242,0.26933552076419193,0.30805323113288197,0.30392158031463623,0.16862745583057404,0.16862745583057404,0.098678624962980854,0.13096725005603896,0.47745099663734436,269.35577246128793,217.8154278493117,0.0,269.35714285714289,217.92857142857144,0.0,269.0,218.0,0.0,93.5,12
1,13,0,1,59.333334803581238,922.27453455328941,0.47058823704719543,0.11764705181121826,0.50668448962390678,0.86274510622024536,1.0,0.42995170147522638,0.59310259456803183,0.58823531866073608,0.19607843458652496,0.19607843458652496,0.11304925433241358,0.15688495479593764,0.70588237047195435,697.46045016077176,213.92475884244374,0,nan,nan,nan,nan,nan,nan,nan,nan,nan,nan,nan,nan,nan,nan,nan,nan,nan,nan,nan,nan,nan,nan,nan,nan,nan,1.2901960909366608,1.2901960909366608,0.19117647409439087,0.045098036527633667,0.11077348766455486,0.49803921580314636,0.49803921580314636,0.25803921818733216,0.25803921818733216,0.22549019753932953,0.16078431904315948,0.16078431904315948,0.1226492124644851,0.1226492124644851,0.43039215728640556,681.87234042282887,216.68389057631404,0.0,681.79999999999995,216.59999999999999,0.0,682.0,217.0,0.0,93.0,13
1,14,0,9,69.862746834754944,1319.3725702613592,0.58823531866073608,0.15686273574829102,1.1089005406966463,1.0,1.0,0.48181204713624098,0.7321712376589119,0.7450980544090271,0.19607843458652496,0.19607843458652496,0.18215246145155767,0.19633874339998314,0.90196079015731812,228.92785793562709,243.1015538290788,0,nan,nan,nan,nan,nan,nan,nan,nan,nan,nan,nan,nan,nan,nan,nan,nan,nan,nan,nan,nan,nan,nan,nan,nan,nan,1.7002179167336888,1.9546841556827228,0.22603486643897164,0.06448802020814684,0.13063509827260633,0.40784314605924821,0.47145970662434894,0.2683801999023247,0.28198151070674166,0.29193901022275287,0.15904139892922509,0.15904139892922509,0.083705117117597455,0.099385553796082951,0.3736383534140057,233.8633784578351,235.21372785145721,0.0,233.87714446047778,235.2018598685265,0.0,233.88888888888889,235.44444444444446,0.0,99.888888888888886,14
1,15,0,8,86.4313745200634,771.74511902034283,0.43137255311012268,0.11764705181121826,1.7825459287853314,1.0,1.0,0.42368320843168333,0.52714830534176427,0.50980395078659058,0.23529411852359772,0.19607843458652496,0.14557516035309714,0.15731870641029549,0.62745100259780884,450.66051912568304,253.30874316939889,0,nan,nan,nan,nan,nan,nan,nan,nan,nan,nan,nan,nan,nan,nan,nan,nan,nan,nan,nan,nan,nan,nan,nan,nan,nan,1.9735294673591852,2.7308824323117733,0.25870098825544119,0.084313724189996719,0.11070720389397842,0.4117647148668766,0.46960785612463951,0.29332789487929811,0.31238971482962369,0.32009804993867874,0.16568627767264843,0.16568627767264843,0.084753274078235324,0.099511580656518966,0.42291667498648167,453.25507921457307,264.14386607687095,0.0,453.18712121212121,264.18844696969694,0.0,453.625,263.875,0.0,115.375,15
1,16,1,2,71.745100006461143,1848.2353283017874,0.58823531866073608,0.15686273574829102,0.1878924456237594,0.68627452850341797,1.0,0.43747012199061674,0.71720424070694111,0.70588237047195435,0.19607843458652496,0.19607843458652496,0.098838690359804068,0.18442259338689507,0.87745098769664764,136.72642607683352,253.60729530461776,0,2.0823530256748199,2.0823530256748199,0.33921569585800171,0.10392157733440399,0.12771916481043347,0.57254904508590698,0.57254904508590698,0.41647060513496398,0.41647060513496398,0.46862746775150299,0.25882354378700256,0.25882354378700256,0.1190091149340587,0.1190091149340587,0.55980394780635834,138.27495292009883,255.77401129345154,0.0,138.40000000000001,255.80000000000001,0.0,138.0,255.0,0.0,33.0,1.9705882854759693,2.7039216347038746,0.18970588594675064,0.093137260526418686,0.11228560412095112,0.39803922176361084,0.55686275660991669,0.23888889513909817,0.28169935365163146,0.27549020573496819,0.11960784718394279,0.11960784718394279,0.089241081228973132,0.13492267411784534,0.40245098993182182,116.71709206698952,248.31665696056251,0.0,116.71428571428572,248.32142857142856,0.0,116.5,248.0,0.0,104.5,16
1,17,1,15,112.05882640182972,1905.0196552574635,0.47058823704719543,0.11764708161354065,0.65817074568770417,0.98039215803146362,1.0,0.43944637804639108,0.59346406705839982,0.58823531866073608,0.19607843458652496,0.19607843458652496,0.11822085683866641,0.17402858156713064,0.70588237047195435,94.122429906542052,282.66697819314641,0,1.6666667461395264,1.6666667461395264,0.27254903316497803,0.054901957511901855,0.10336885814424021,0.5215686559677124,0.5215686559677124,0.33333334922790525,0.33333334922790525,0.31372550129890442,0.25882354378700256,0.25882354378700256,0.097267557096829854,0.097267557096829854,0.46960786730051041,90.778823535260031,282.50117647046204,0.0,90.799999999999997,282.39999999999998,0.0,91.0,283.0,0.0,34.0,2.2250981008013091,3.261176556845506,0.23967321068048478,0.074379087984561915,0.078051452582634975,0.42692811489105226,0.51607844432195027,0.28795586114875504,0.31162157637136417,0.3133333439628283,0.17516340216000875,0.17516340216000875,0.081146223916378213,0.10511085066142281,0.41052288313706714,93.228825074873967,270.19502971907889,0.0,93.220283224400859,270.19525417574442,0.0,93.13333333333334,270.26666666666665,0.0,117.46666666666667,17
1,18,0,8,58.313726663589478,428.07843932509422,0.39215686917304993,0.15686273574829102,1.7480001117221433,1.0,1.0,0.46280735447293236,0.58480661109985554,0.50980395078659058,0.23529411852359772,0.19607843458652496,0.15649426453650625,0.21887661357358584,0.76470589637756348,445.37978142076503,292.49316939890713,0,nan,nan,nan,nan,nan,nan,nan,nan,nan,nan,nan,nan,nan,nan,nan,nan,nan,nan,nan,nan,nan,nan,nan,nan,nan,3.2936275321990252,4.926470709964633,0.29019608721137047,0.10735294036567211,0.11243829464663545,0.63480393588542938,0.6980392299592495,0.37054827006844188,0.39880284929297283,0.3882353026419878,0.21176471188664436,0.21176471188664436,0.1326768075372656,0.14928885436970668,0.55183824803680182,451.22895058937866,291.23964127335802,0.0,451.2243912337662,291.19533279220781,0.0,451.25,291.375,0.0,132.125,18
1,19,0,13,73.411766737699509,1768.2745465636253,0.54901963472366333,0.13725489377975464,0.52114478905819961,0.70588237047195435,1.0,0.41711231100965629,0.6801055948321636,0.66666668653488159,0.19607843458652496,0.19607843458652496,0.095062996517907103,0.18217471122508153,0.82352942228317261,520.1288461538461,322.92384615384617,0,nan,nan,nan,nan,nan,nan,nan,nan,nan,nan,nan,nan,nan,nan,nan,nan,nan,nan,nan,nan,nan,nan,nan,nan,nan,1.9701357950957923,3.050678807668961,0.23303167980450851,0.079638008314829603,0.11465118939672897,0.41568628412026626,0.48386124693430388,0.2737355522174611,0.29775308372337733,0.30316743082725084,0.15837104475268951,0.15837104475268951,0.087607737372159961,0.10323207813265044,0.40105581398193652,513.95028325442263,323.85225224344686,0.0,513.9001907594668,323.84917932745986,0.0,514.23076923076928,323.69230769230768,0.0,144.84615384615384,19
1,20,0,4,53.662746340036392,555.49020719528198,0.46274510025978088,0.1568627655506134,1.4660518907367102,0.81568628549575806,1.0,0.42589481222251108,0.62414630021941797,0.58823531866073608,0.20392157137393951,0.20392157137393951,0.10451922237454436,0.20692527153921114,0.78627452254295349,45.423595505617975,327.62584269662921,0,nan,nan,nan,nan,nan,nan,nan,nan,nan,nan,nan,nan,nan,nan,nan,nan,nan,nan,nan,nan,nan,nan,nan,nan,nan,1.7441177014261484,2.2676471266895533,0.2213235329836607,0.05637255497276783,0.17033388825120674,0.4431372731924057,0.49215687811374664,0.25710976107844286,0.27791784240731171,0.26519608870148659,0.15490196458995342,0.15490196458995342,0.089370429717210376,0.10653937422949342,0.3754902072250843,55.890060883399173,322.3780596914205,0.0,55.857142857142861,322.37857142857149,0.0,56.0,322.5,0.0,145.5,20
1,21,0,8,109.80392441153526,1652.4902342706919,0.47058823704719543,0.11764708161354065,1.5586630033652358,0.68627452850341797,1.0,0.41750541601344204,0.6088762838138142,0.58823531866073608,0.19607843458652496,0.19607843458652496,0.096107539954235946,0.18711484850191687,0.7450980544090271,366.46499631540161,398.19307295504791,0,nan,nan,nan,nan,nan,nan,nan,nan,nan,nan,nan,nan,nan,nan,nan,nan,nan,nan,nan,nan,nan,nan,nan,nan,nan,1.9220588710159063,3.3990196865051985,0.20808823918923736,0.079901963472366333,0.095731793750418043,0.38186275027692318,0.52500000596046448,0.25095710072141048,0.29653688652797638,0.29901961795985699,0.14901961106806993,0.14901961106806993,0.076932453189843708,0.11866409943764133,0.40379902627319098,360.97623319554629,393.20436194284582,0.0,360.95012792397665,393.18801169590643,0.0,361.125,393.125,0.0,159.25,21
1,22,0,3,56.725491628050804,790.07845123112202,0.50980395078659058,0.11764705181121826,0.29609496196097723,0.62745100259780884,1.0,0.41709920314743237,0.62161955250284973,0.62745100259780884,0.23529411852359772,0.23529411852359772,0.089900569260598209,0.16259669878364985,0.7450980544090271,210.95279307631785,401.06372934697089,0,nan,nan,nan,nan,nan,nan,nan,nan,nan,nan,nan,nan,nan,nan,nan,nan,nan,nan,nan,nan,nan,nan,nan,nan,nan,1.2091503615180652,1.7424837127327919,0.15915032972892126,0.098692814509073898,0.072680236122024428,0.31111112236976624,0.41045753161112469,0.19353667922593931,0.21903206351848822,0.22941176841656366,0.10196078817049663,0.10196078817049663,0.078178422567818387,0.10086829772799399,0.30522876977920532,217.43051929178782,403.60016695836219,0.0,217.41666666666666,403.54365079365084,0.0,217.33333333333334,404.0,0.0,161.0,22
1,23,17,1,73.760786131024361,1616.9725778102875,0.54901963472366333,0.15686273574829102,1.0573738123329524,0.7137255072593689,1.0,0.42391256397140437,0.69697093871133076,0.70588237047195435,0.23529411852359772,0.22745098173618317,0.090511714619556663,0.19566561759728573,0.86274510622024536,41.70862068965517,408.17672413793105,0,2.8306805850828396,4.2103807479143143,0.3299884756698328,0.080853520070805263,0.090174163848071337,0.51580163310555849,0.59630913068266478,0.36690953212027577,0.39575215346602799,0.4118800548946156,0.22376009909545674,0.22376009909545674,0.095229932839727666,0.11301014388528613,0.49919263624093113,35.627581900884294,413.57725211745878,0.0,35.5986310793106,413.57200755633818,0.0,35.823529411764703,413.58823529411762,0.0,43.0,0.89019609987735748,0.89019609987735748,0.20392157137393951,0.031372547149658203,0.0778752010110349,0.30196079611778259,0.30196079611778259,0.22254902496933937,0.22254902496933937,0.20784313976764679,0.17647059261798859,0.17647059261798859,0.047414914351670154,0.047414914351670154,0.30196079611778259,50.537444939156309,391.43171805901932,0.0,50.5,391.5,0.0,51.0,391.0,0.0,157.0,23
1,24,0,14,74.941178217530251,1688.4117940664291,0.54901963472366333,0.15686273574829102,0.73699100413214491,0.66666668653488159,1.0,0.41403965866038811,0.71061102443873281,0.70588237047195435,0.19607843458652496,0.19607843458652496,0.094459214969084201,0.19622230341388269,0.88235294818878174,181.10858585858585,434.33249158249157,0,nan,nan,nan,nan,nan,nan,nan,nan,nan,nan,nan,nan,nan,nan,nan,nan,nan,nan,nan,nan,nan,nan,nan,nan,nan,2.3711485240076269,4.169187792177711,0.24061625264585018,0.087815126138074059,0.09496794382875505,0.44061625642435892,0.57198881038597649,0.28277067359549707,0.32634923154139628,0.32703082157032831,0.15182073361107282,0.15014006144234113,0.093374213370971654,0.12998803798513592,0.45028012139456614,177.33229851927459,431.63508896734038,0.0,177.32212457139056,431.58942672145258,0.0,177.14285714285714,431.5,0.0,176.71428571428572,24
1,25,0,9,63.549021199345589,1177.3725749850273,0.47058823704719543,0.15686273574829102,0.27506694624423339,0.78431373834609985,1.0,0.38749403170332675,0.62327822921388421,0.58823531866073608,0.23529411852359772,0.23529411852359772,0.07878515557272571,0.19675427528230216,0.78431373834609985,114.21757543673901,455.00370566437266,0,nan,nan,nan,nan,nan,nan,nan,nan,nan,nan,nan,nan,nan,nan,nan,nan,nan,nan,nan,nan,nan,nan,nan,nan,nan,1.9128540861937735,3.6305011784036956,0.21938998376329741,0.06143790897395876,0.10874400832787261,0.41263617740737069,0.49847495887014603,0.26057538495497456,0.28588314616791893,0.28017430090241963,0.13856209483411577,0.13725490536954668,0.091417963212693701,0.11281984296556972,0.39596951173411477,114.90678687786671,451.83626544921731,0.0,114.88800678166005,451.88278293773652,0.0,115.0,451.88888888888891,0.0,197.0,25
1,26,0,34,111.8823558986187,1969.29416680336,0.39215686917304993,0.11764708161354065,0.42560592354459509,0.78431373834609985,1.0,0.40982547948211978,0.54086629134945341,0.50980395078659058,0.19607843458652496,0.15686275064945221,0.098106205430687904,0.17489024525870978,0.62745100259780884,686.87613293051356,452.00659159571546,0,nan,nan,nan,nan,nan,nan,nan,nan,nan,nan,nan,nan,nan,nan,nan,nan,nan,nan,nan,nan,nan,nan,nan,nan,nan,1.8362168865826201,2.5379470121115446,0.22869089333450093,0.086505192386753416,0.106524902747134,0.43575548862709718,0.50495964464019327,0.27719198352813068,0.29954516658416575,0.30242215381825671,0.160438297316432,0.160438297316432,0.094249109284561677,0.11274122469269447,0.4161188100628993,692.96663038839313,457.49480941188267,0.0,692.9301307524604,457.49136812619787,0.0,692.97058823529414,457.41176470588238,0.0,203.35294117647058,26
1,27,1,3,104.11764971911907,1146.8627716004848,0.39215686917304993,0.11764708161354065,2.0255190547216642,0.64705884456634521,1.0,0.39891819815754431,0.53717225836088278,0.49019607901573181,0.23529411852359772,0.19607843458652496,0.08786486338461684,0.19527528176827788,0.66666668653488159,861.43747072599535,470.81077283372366,0,1.9333333671092987,1.9333333671092987,0.27058824151754379,0.10196077823638916,0.087627009017207685,0.43529412150382996,0.43529412150382996,0.3222222278515498,0.3222222278515498,0.3333333432674408,0.20784313976764679,0.20784313976764679,0.089380131502695706,0.089380131502695706,0.42549020051956177,850.05273833264914,457.43002028166183,0.0,850.0,457.5,0.0,851.0,457.0,0.0,52.0,1.9006536453962326,2.819607918461164,0.225163405140241,0.088235293825467423,0.084552108887880895,0.41568627953529358,0.48366014162699383,0.26603486547591509,0.29538749626704625,0.28692811727523804,0.1581699401140213,0.1581699401140213,0.085036255712997819,0.10554453585183236,0.40196079015731812,852.8834264315343,449.19435963552206,0.0,852.82857142857154,449.147619047619,0.0,853.33333333333337,449.33333333333331,0.0,193.0,27
1,28,0,1,73.901962697505951,1785.9608217179775,0.54901963472366333,0.13725489377975464,0.32112016178883968,0.68627452850341797,1.0,0.42229692970003402,0.67933085649219382,0.66666668653488159,0.23529411852359772,0.23529411852359772,0.091387923397409046,0.17980293804673211,0.82352942228317261,352.87257512362117,485.46443514644352,0,nan,nan,nan,nan,nan,nan,nan,nan,nan,nan,nan,nan,nan,nan,nan,nan,nan,nan,nan,nan,nan,nan,nan,nan,nan,2.1176471039652824,2.9254902526736259,0.19901961088180542,0.068627454340457916,0.025578553616856316,0.40392157435417175,0.40784314274787903,0.23529412266280916,0.26595365933396597,0.25294118374586105,0.098039217293262482,0.098039217293262482,0.083312186945948913,0.099557839603116788,0.4009803980588913,371.10321715766827,467.38605898386197,0.0,371.09090909090907,467.36363636363637,0.0,371.0,468.0,0.0,216.0,28
1,29,30,2,98.490198791027069,1938.3725957721472,0.47058823704719543,0.11764708161354065,0.58523740486746645,0.70588237047195435,1.0,0.41382436466818096,0.61672688379641971,0.58823531866073608,0.15686275064945221,0.15686275064945221,0.099692555497858534,0.17502697789605173,0.7450980544090271,284.89373210308622,524.79923639834556,0,2.777777858823538,3.8023530530432859,0.30656863898038866,0.079803918798764542,0.084285340822833496,0.50222223599751792,0.60797387460867569,0.34883405092272224,0.37574705403233916,0.36725490987300874,0.23045752470691999,0.23045752470691999,0.086601324777892091,0.11346848412963025,0.47699347684780757,284.20440614968612,527.85596374212821,0.0,284.23316373441378,527.86615564990564,0.0,284.23333333333335,527.86666666666667,0.0,67.799999999999997,1.7509804479777813,2.111764770001173,0.23088236339390278,0.10196079313755035,0.17200502555569858,0.48235295712947845,0.48235295712947845,0.29394958923969949,0.30278868037793372,0.33529412746429443,0.13333333656191826,0.13333333656191826,0.12000006193005466,0.11878646063937329,0.43431374058127403,283.3303538843042,529.3990217170583,0.0,283.23333333333335,529.35555555555561,0.0,283.0,529.5,0.0,227.5,29
1,30,0,16,88.333335742354393,1738.3333717733622,0.47058823704719543,0.15686273574829102,0.9299520602996455,0.76470589637756348,1.0,0.41864140162253266,0.62960281484004421,0.62745100259780884,0.15686275064945221,0.15686275064945221,0.11214439748602631,0.19104975673167399,0.78431373834609985,171.57225642883014,544.60340456356391,0,nan,nan,nan,nan,nan,nan,nan,nan,nan,nan,nan,nan,nan,nan,nan,nan,nan,nan,nan,nan,nan,nan,nan,nan,nan,1.9681373042985797,3.3497549910098314,0.23118873056955636,0.087254907004535198,0.093824251667243994,0.43602942116558552,0.54485295340418816,0.27224037118673927,0.30863481568126211,0.30588236264884472,0.15906863240525126,0.15906863240525126,0.091121114275064863,0.12174682435873388,0.42377451900392771,171.22499331489232,558.23239038983104,0.0,171.22286706349206,558.23668380230879,0.0,171.4375,558.3125,0.0,254.0,30
1,31,6,0,63.627452626824379,1234.3137494772673,0.52941179275512695,0.15686273574829102,0.49442010890034571,0.70588237047195435,1.0,0.42991522045151609,0.68420939549737658,0.66666668653488159,0.23529411852359772,0.23529411852359772,0.093872544464692939,0.19329575291066192,0.84313726425170898,355.8891352549889,551.32372505543242,0,3.5352942223350206,8.6183008700609207,0.28137255894641083,0.1183006539940834,0.13380162896635658,0.5594771454731623,0.73856210708618164,0.32427659899134326,0.39945890128849043,0.38562092185020447,0.1738562136888504,0.1738562136888504,0.1139056095567705,0.16869839789034499,0.55359479288260138,356.71103802678175,554.56705709209166,0.0,356.71248597081927,554.53945005611672,0.0,356.66666666666669,554.5,0.0,88.666666666666671,nan,nan,nan,nan,nan,nan,nan,nan,nan,nan,nan,nan,nan,nan,nan,nan,nan,nan,nan,nan,nan,nan,nan,nan,nan,31
1,32,1,2,117.29412071406841,3298.2549707442522,0.50980395078659058,0.15686273574829102,1.308031461443675,0.76470589637756348,1.0,0.41890757397881578,0.66296582326517628,0.66666668653488159,0.19607843458652496,0.15686275064945221,0.097102269749851075,0.18745976100743444,0.80392158031463623,491.65286432160804,552.32462311557788,0,2.0313725918531418,2.0313725918531418,0.364705890417099,0.02549019455909729,0.12231523887663232,0.67843139171600342,0.67843139171600342,0.40627451837062833,0.40627451837062833,0.39019608497619629,0.20784313976764679,0.20784313976764679,0.15296330189395685,0.15296330189395685,0.61274511367082596,462.84555984335071,557.48648648390918,0.0,462.80000000000001,557.60000000000002,0.0,463.0,557.0,0.0,90.0,1.3411764912307262,1.570588257163763,0.2034313753247261,0.044117648154497147,0.11528964367503879,0.44313725829124451,0.46274510025978088,0.24529412140448886,0.26168067593659672,0.24215686693787575,0.12549019977450371,0.12549019977450371,0.10468500892985122,0.11769676089190212,0.42500000447034836,480.76541926853122,547.71939246929719,0.0,480.69999999999999,547.75714285714275,0.0,481.0,547.5,0.0,239.5,32
1,33,0,15,77.325492054224014,1534.0902305841446,0.47058823704719543,0.1254902184009552,0.37538316706649089,0.64705884456634521,1.0,0.4135053051028022,0.62437534822309504,0.58823531866073608,0.23529411852359772,0.15686275064945221,0.085152979497170406,0.18572140021660216,0.7450980544090271,52.223443223443226,561.63614163614159,0,nan,nan,nan,nan,nan,nan,nan,nan,nan,nan,nan,nan,nan,nan,nan,nan,nan,nan,nan,nan,nan,nan,nan,nan,nan,1.7772549490133922,2.2857516924540202,0.23529412373900413,0.072679738700389865,0.074753820576145283,0.38718954920768739,0.42222222884496052,0.273161255314681,0.2889196895296583,0.30718955248594282,0.17176471054553985,0.17176471054553985,0.076697202613619411,0.084462977533614161,0.37758170713980993,50.698473478445386,563.12167091773131,0.0,50.71940355940356,563.12093554593559,0.0,50.799999999999997,563.20000000000005,0.0,260.66666666666669,33
1,34,0,0,60.980393826961517,1130.2549304962158,0.47058823704719543,0.11764708161354065,0.52383793723885241,0.72549021244049072,1.0,0.41767393032165423,0.60831804655339927,0.58823531866073608,0.23529411852359772,0.23529411852359772,0.098584838045725251,0.16588477081559219,0.71568629145622253,883.73573735199136,563.22012917115183,0,nan,nan,nan,nan,nan,nan,nan,nan,nan,nan,nan,nan,nan,nan,nan,nan,nan,nan,nan,nan,nan,nan,nan,nan,nan,nan,nan,nan,nan,nan,nan,nan,nan,nan,nan,nan,nan,nan,nan,nan,nan,nan,nan,nan,nan,nan,nan,nan,nan,nan,34
1,35,6,36,80.823531419038773,1807.117682620883,0.50980395078659058,0.15686273574829102,0.52968180360715345,0.84313726425170898,1.0,0.44408533746724599,0.66757210292607427,0.66666668653488159,0.15686275064945221,0.15686275064945221,0.11924766775455732,0.19719983974787506,0.82352942228317261,212.66494274104176,569.05430365718507,0,2.1202615052461624,2.4973856955766678,0.26388890109956264,0.087581696609656021,0.10641742052561214,0.50392158329486847,0.5333333512147268,0.32866608300830896,0.33857092033460656,0.33921569585800171,0.21699347098668417,0.21699347098668417,0.099747534497167792,0.10599646157714417,0.46421569709976512,223.99629933990823,557.71625527546553,0.0,223.95873015873016,557.66613756613754,0.0,224.0,558.0,0.0,89.833333333333329,2.2801743530564837,3.7620916060275502,0.26127451699641013,0.085185188800096512,0.085192506491262171,0.43921569569243324,0.57113291157616508,0.29406252604253275,0.33068142309904758,0.33224401829971206,0.16830065805051062,0.16830065805051062,0.089524782361919214,0.12184613311921723,0.43744554349945652,208.00730106214536,569.25546667496951,0.0,208.02177127109945,569.24130169268722,0.0,208.02777777777777,569.27777777777783,0.0,269.27777777777777,35
1,36,19,1,91.843139514327049,1784.0000403374434,0.43137255311012268,0.11764708161354065,0.8189242909036748,0.78431373834609985,1.0,0.39758934854687034,0.5899471032861916,0.54901963472366333,0.19607843458652496,0.19607843458652496,0.098709775147354697,0.19572893632214258,0.70588237047195435,428.37830687830689,585.12268518518522,0,3.222291113514649,5.3188855914693134,0.31914345684804413,0.09752321792276282,0.10686781376110167,0.54881322540734945,0.62951498125728811,0.36011370230859635,0.39898315223381203,0.39597524153558833,0.22146543468299665,0.22146543468299665,0.10306427651009825,0.12564137388148688,0.51826626846664825,432.27831713596618,582.31686033930612,0.0,432.32097218769866,582.30120587684542,0.0,432.15789473684208,582.42105263157896,0.0,104.31578947368421,1.2156863063573837,1.2156863063573837,0.2137254923582077,0.047058828175067902,0.1177308973296386,0.30588236451148987,0.30588236451148987,0.24313726127147675,0.24313726127147675,0.25882353633642197,0.18039216101169586,0.18039216101169586,0.049851764319243333,0.049851764319243333,0.30392158031463623,428.4193548395005,603.31612904190581,0.0,428.39999999999998,603.20000000000005,0.0,428.0,604.0,0.0,299.0,36
1,37,0,21,87.627453193068504,1791.4902393370867,0.47058823704719543,0.11764708161354065,1.4398134070936146,0.78431373834609985,1.0,0.41529598669700712,0.60380527109440063,0.58823531866073608,0.19607843458652496,0.19607843458652496,0.096410188808441141,0.18041452936161592,0.72549021244049072,891.78867542972705,621.02864846646446,0,nan,nan,nan,nan,nan,nan,nan,nan,nan,nan,nan,nan,nan,nan,nan,nan,nan,nan,nan,nan,nan,nan,nan,nan,nan,2.1344538359414962,3.7114846869593574,0.22287582127111299,0.074976659956432518,0.10030751405651434,0.40280112908000038,0.5127917968091511,0.2628050458721386,0.29583485382946023,0.2932773211172649,0.15032680084307989,0.15032680084307989,0.082573464357508106,0.11078907184134772,0.39589169852080797,891.53347203175213,619.47083795387175,0.0,891.53185646817201,619.47574763246655,0.0,891.57142857142856,619.47619047619048,0.0,308.95238095238096,37
1,38,0,2,58.176471903920174,468.09805054962635,0.39215686917304993,0.11764708161354065,1.4628848164577144,0.58823531866073608,1.0,0.39575831227156583,0.5520024181009745,0.50980395078659058,0.23529411852359772,0.15686275064945221,0.078231720404974253,0.1814679849352816,0.68627452850341797,376.46816037735852,659.38089622641508,0,nan,nan,nan,nan,nan,nan,nan,nan,nan,nan,nan,nan,nan,nan,nan,nan,nan,nan,nan,nan,nan,nan,nan,nan,nan,2.2392157353460789,3.8392157889902592,0.21323529630899429,0.13529412820935249,0.127037090918,0.49803923070430756,0.59019608795642853,0.26434174238571095,0.31573880340770955,0.31960785016417503,0.11372549459338188,0.11372549459338188,0.11519199460229532,0.14419324421996974,0.46568629145622253,384.15531637940387,662.06174650626394,0.0,384.14285714285711,662.03571428571422,0.0,383.5,662.0,0.0,320.5,38
1,39,0,1,65.843138992786407,1647.254933565855,0.54901963472366333,0.13725489377975464,0.44084824001881406,0.66666668653488159,1.0,0.42755285060250914,0.7030537488543982,0.70588237047195435,0.23529411852359772,0.23529411852359772,0.091262561229914926,0.18498278553105263,0.84313726425170898,632.96414852752878,683.71020059752459,0,nan,nan,nan,nan,nan,nan,nan,nan,nan,nan,nan,nan,nan,nan,nan,nan,nan,nan,nan,nan,nan,nan,nan,nan,nan,1.8862745761871338,2.1529412567615509,0.25294118747115135,0.041176483035087585,0.10064743028077923,0.56078433990478516,0.56078433990478516,0.31437909603118896,0.30756303668022156,0.28823530673980713,0.16470588743686676,0.16470588743686676,0.12410214766104495,0.11610298523151828,0.40196079760789871,613.9289617416747,680.35701275046802,0.0,614.0,680.28571428571433,0.0,614.0,681.0,0.0,322.0,39
1,40,0,0,50.490197420120239,651.11766283214092,0.47058823704719543,0.13725489377975464,0.11686587773708512,0.66666668653488159,1.0,0.41727435884396891,0.59626159600012907,0.58823531866073608,0.23529411852359772,0.23529411852359772,0.089879998072269679,0.18104008412788924,0.72549021244049072,707.40934065934061,700.96245421245419,0,nan,nan,nan,nan,nan,nan,nan,nan,nan,nan,nan,nan,nan,nan,nan,nan,nan,nan,nan,nan,nan,nan,nan,nan,nan,nan,nan,nan,nan,nan,nan,nan,nan,nan,nan,nan,nan,nan,nan,nan,nan,nan,nan,nan,nan,nan,nan,nan,nan,nan,40
1,41,0,2,73.882354691624641,1775.8627860844135,0.47058823704719543,0.11764708161354065,0.96704255129637662,0.70588237047195435,1.0,0.40153453636752523,0.62530379791704704,0.58823531866073608,0.19607843458652496,0.19607843458652496,0.084483973263967546,0.18444094554397028,0.7450980544090271,726.73485915492961,739.10000000000002,0,nan,nan,nan,nan,nan,nan,nan,nan,nan,nan,nan,nan,nan,nan,nan,nan,nan,nan,nan,nan,nan,nan,nan,nan,nan,1.2254902310669422,1.2254902310669422,0.20784314349293709,0.058823533356189728,0.14240397890153039,0.3333333432674408,0.3333333432674408,0.24019608522454897,0.24019608522454897,0.27450980991125107,0.12549019977450371,0.12549019977450371,0.07243809587569619,0.07243809587569619,0.32254903018474579,739.27424242336792,730.7911616150792,0.0,739.25,730.91666666666674,0.0,739.0,730.5,0.0,333.0,41
1,42,0,23,76.619609802961349,1675.4314116090536,0.47058823704719543,0.13725489377975464,0.34590558289613083,0.80392158031463623,1.0,0.42098686704923821,0.62539433057448812,0.60784316062927246,0.15686275064945221,0.15686275064945221,0.11040693262630515,0.18263733450589564,0.7450980544090271,69.934303844718173,734.71033967898472,0,nan,nan,nan,nan,nan,nan,nan,nan,nan,nan,nan,nan,nan,nan,nan,nan,nan,nan,nan,nan,nan,nan,nan,nan,nan,2.2954817294426588,3.7839728124115779,0.23196931450587252,0.098635977701000549,0.10505588947482285,0.43853368448174518,0.57868713658788928,0.27696064023220041,0.31823364013088301,0.32182439189890155,0.1466325696395791,0.1466325696395791,0.095878335212311774,0.12941238179732556,0.42796249849640805,77.130072783880493,732.12832548996255,0.0,77.135267280997283,732.1066009919507,0.0,77.217391304347828,732.17391304347825,0.0,335.21739130434781,42
1,43,11,2,122.92157171666622,2576.4510408639908,0.47058823704719543,0.13725489377975464,1.6010561526909226,0.64705884456634521,1.0,0.41387734584736102,0.62113091631243755,0.62745100259780884,0.19607843458652496,0.19607843458652496,0.09108179444396719,0.1804012328811502,0.7450980544090271,357.16200578592094,776.76663452266155,0,2.5675580061294814,3.7472371723164213,0.3353832540186969,0.077540105039423157,0.076440507251196346,0.52156864513050427,0.57896615158427844,0.36118779885454955,0.38471519734637261,0.39518717473203485,0.21711230887608093,0.21711230887608093,0.097450778522379225,0.11020055583959659,0.48199644481593912,359.35611231370626,775.95397571908904,0.0,359.36565934065936,775.92093739593736,0.0,359.18181818181819,776.18181818181813,0.0,127.72727272727273,2.7039216458797455,6.6549021154642105,0.24558824300765991,0.07647058367729187,0.079419720886351242,0.52549020946025848,0.63333334028720856,0.26192811240131653,0.33458782247798413,0.30588236451148987,0.150980394333601,0.150980394333601,0.090579187473734751,0.13818200712803907,0.43235296010971069,367.9213416393153,782.53713754812952,0.0,367.87096774193549,782.47580645161293,0.0,368.5,783.0,0.0,353.0,43
1,44,13,1,115.23137558996677,2825.1333945207298,0.47058823704719543,0.1568627655506134,1.4842826286327617,0.80392158031463623,1.0,0.40862189925520132,0.61189807115458739,0.62745100259780884,0.15686275064945221,0.039215687662363052,0.10974602041455279,0.21595809383779885,0.78431373834609985,84.8490361706736,787.30734243014945,0,2.6135747283697128,4.1363500299362039,0.31342384219169617,0.09260934591293335,0.095180670630936923,0.5291101176005143,0.60844646967374361,0.34712598772312409,0.38054739466871063,0.37647059559822083,0.21598794024724227,0.21598794024724227,0.10390113660167545,0.12648696651324487,0.50324284571867728,95.28454195069699,771.30079110508836,0.0,95.279669215166152,771.28163866784553,0.0,95.307692307692307,771.61538461538464,0.0,125.46153846153847,1.4588235765695572,1.4588235765695572,0.20882353186607361,0.039215691387653351,0.156122412028113,0.56862747669219971,0.56862747669219971,0.29176471531391146,0.29176471531391146,0.24313726276159286,0.20000000298023224,0.20000000298023224,0.14020582213738061,0.14020582213738061,0.49215688556432724,85.529569894861993,749.8870967845728,0.0,85.400000000000006,749.79999999999995,0.0,86.0,750.0,0.0,347.0,44
1,45,0,21,76.980394184589386,1759.0000331699848,0.54901963472366333,0.15686273574829102,0.29419585546261484,0.84313726425170898,1.0,0.42766885658105214,0.70079682596413739,0.70588237047195435,0.23529411852359772,0.23529411852359772,0.10615210327553613,0.18781434248257514,0.86274510622024536,217.20239043824702,815.0613545816733,0,nan,nan,nan,nan,nan,nan,nan,nan,nan,nan,nan,nan,nan,nan,nan,nan,nan,nan,nan,nan,nan,nan,nan,nan,nan,1.9566760586485976,2.4720822365156243,0.2259103703711714,0.094957984274341947,0.13678929561286163,0.46666668142591206,0.51858078156198772,0.28481089539099874,0.30416007667036549,0.313632128848916,0.14565826721844219,0.14565826721844219,0.10850915576171431,0.12383773913602873,0.43389356970077469,213.36803293339631,812.80071266684877,0.0,213.39012918298636,812.71657390228802,0.0,213.1904761904762,812.90476190476193,0.0,360.66666666666669,45
1,46,2,1,75.156864687800407,1684.1961095333099,0.55882355570793152,0.15686273574829102,0.5531037221846643,0.66666668653488159,1.0,0.42461505473333566,0.70586593023189859,0.70588237047195435,0.23529411852359772,0.23529411852359772,0.093514483066563833,0.18584560077366485,0.86274510622024536,682.24392288348702,838.90611902766136,0,1.8215686716139317,1.8215686716139317,0.19509804248809814,0.063725490123033524,0.10300689379859544,0.39019608497619629,0.39019608497619629,0.26022409594484741,0.26022409594484741,0.27352942153811455,0.12941176816821098,0.12941176816821098,0.099173619180434325,0.099173619180434325,0.39019608497619629,692.54503362823993,869.86239620149513,0.0,692.57142857142856,869.78571428571422,0.0,692.5,870.0,0.0,140.0,1.3450980857014656,1.3450980857014656,0.29509805142879486,0.015686273574829102,0.21681633840863407,0.32941177487373352,0.32941177487373352,0.2690196171402931,0.2690196171402931,0.31372550129890442,0.098039217293262482,0.098039217293262482,0.086438350798865721,0.086438350798865721,0.32647059857845306,692.40816326564527,877.53935859964645,0.0,692.20000000000005,877.60000000000002,0.0,693.0,877.0,0.0,379.0,46
1,47,0,7,81.117648914456367,927.11767013370991,0.43137255311012268,0.11764708161354065,1.1257118349204631,0.72549021244049072,1.0,0.40762637645455463,0.58017376103486229,0.54901963472366333,0.23529411852359772,0.19607843458652496,0.092546247035474399,0.17616826478075864,0.70588237047195435,419.41551939924904,865.31163954943679,0,nan,nan,nan,nan,nan,nan,nan,nan,nan,nan,nan,nan,nan,nan,nan,nan,nan,nan,nan,nan,nan,nan,nan,nan,nan,1.7008403848324503,2.1775910971420154,0.24257703551224299,0.064985994781766615,0.1117756294541027,0.38263306447437834,0.48459385122571674,0.27892891285674909,0.29520075537619139,0.29803922559533802,0.17647059368235724,0.17647059368235724,0.075993552369421985,0.099801585416924202,0.38431373664311003,429.06005728583676,865.47168466192022,0.0,429.06309523809523,865.45833333333337,0.0,429.28571428571428,865.57142857142856,0.0,375.0,47
1,48,1,0,62.921570286154747,1149.9215874820948,0.58823531866073608,0.15686273574829102,0.2779412392152561,0.66666668653488159,1.0,0.42803789310309354,0.72641919613524619,0.7450980544090271,0.19607843458652496,0.19607843458652496,0.099518632091489229,0.19338659874415001,0.88235294818878174,659.43651295009477,875.36260265319015,0,1.2470588535070419,1.2470588535070419,0.25882354378700256,0.10588234663009644,0.13226251750233969,0.41568627953529358,0.41568627953529358,0.31176471337676048,0.31176471337676048,0.364705890417099,0.20784313976764679,0.20784313976764679,0.082469571719187409,0.082469571719187409,0.41568627953529358,669.54088050569976,871.37421384102458,0.0,669.5,871.5,0.0,670.0,871.0,0.0,140.0,nan,nan,nan,nan,nan,nan,nan,nan,nan,nan,nan,nan,nan,nan,nan,nan,nan,nan,nan,nan,nan,nan,nan,nan,nan,48
1,49,0,5,71.686276435852051,1799.1372947543859,0.54901963472366333,0.11764705181121826,0.38658928984472651,0.70588237047195435,1.0,0.41678067695262822,0.66684110257760787,0.66666668653488159,0.15686275064945221,0.15686275064945221,0.10076849238731884,0.17420053649079945,0.80392158031463623,769.06338028169012,881.29725722757598,0,nan,nan,nan,nan,nan,nan,nan,nan,nan,nan,nan,nan,nan,nan,nan,nan,nan,nan,nan,nan,nan,nan,nan,nan,nan,2.1105883054435255,3.2352942161262037,0.21666667312383653,0.092156863212585455,0.085362071646759602,0.39843138456344607,0.52627452015876774,0.25299822557378898,0.29248417141734734,0.30941177606582643,0.12000000402331353,0.12000000402331353,0.089051474203913503,0.11865048706129548,0.38196079134941102,773.09966690498015,893.71069795175424,0.0,773.06837912087917,893.69236263736275,0.0,773.20000000000005,894.0,0.0,382.0,49
1,50,0,3,77.333335414528847,1376.9608234167099,0.47058823704719543,0.11764705181121826,0.55437056151492758,0.7450980544090271,1.0,0.42258653231982979,0.5647911498838023,0.54901963472366333,0.23529411852359772,0.23529411852359772,0.09556787911540178,0.14546319037974331,0.66666668653488159,302.28917145200984,937.19278096800656,0,nan,nan,nan,nan,nan,nan,nan,nan,nan,nan,nan,nan,nan,nan,nan,nan,nan,nan,nan,nan,nan,nan,nan,nan,nan,2.6444445376594863,6.2130720739563303,0.25490196918447811,0.10784314076105754,0.12235514999369873,0.49019609888394672,0.67843139171600342,0.2861521013751232,0.35187209403763214,0.31437909603118896,0.15947712957859039,0.15947712957859039,0.099295498042267949,0.15250109227162834,0.49183008323113125,307.28361462450221,939.6422922863909,0.0,307.1845238095238,939.60595238095232,0.0,307.66666666666669,939.66666666666663,0.0,386.33333333333331,50
1,51,0,2,69.117648869752884,688.39217607676983,0.43137255311012268,0.11764705181121826,0.29154041395354913,0.7450980544090271,1.0,0.39952398190608601,0.5323992081026836,0.50980395078659058,0.19607843458652496,0.19607843458652496,0.099026854780874418,0.15055737474909958,0.62745100259780884,472.23897911832944,934.20804331013153,0,nan,nan,nan,nan,nan,nan,nan,nan,nan,nan,nan,nan,nan,nan,nan,nan,nan,nan,nan,nan,nan,nan,nan,nan,nan,1.3176470883190632,1.7294117994606495,0.20637255162000656,0.076470594853162766,0.11884156142239918,0.35686275362968445,0.40980392694473267,0.24432773675237385,0.26486928678221172,0.28235295042395592,0.14901961013674736,0.14901961013674736,0.071432413156210933,0.085202061763426137,0.35049020498991013,460.61989585947174,943.80718918807486,0.0,460.58333333333337,943.69444444444446,0.0,461.0,944.0,0.0,388.0,51
1,52,1,4,71.333335340023041,1516.0196327865124,0.58823531866073608,0.15686273574829102,0.80632026964777626,0.80392158031463623,1.0,0.41960785494131203,0.72990834510665015,0.7450980544090271,0.15686275064945221,0.15686275064945221,0.11583378142268839,0.19619005097731032,0.90196079015731812,259.92729898892634,977.37987481945117,0,1.4039216339588165,1.4039216339588165,0.25882354378700256,0.027450978755950928,0.024732895275638093,0.31372550129890442,0.31372550129890442,0.28078432679176329,0.28078432679176329,0.28627452254295349,0.25882354378700256,0.25882354378700256,0.026896356356824292,0.026896356356824292,0.31372550129890442,264.77653631533957,997.59217877177991,0.0,264.80000000000001,997.60000000000002,0.0,264.0,998.0,0.0,142.0,3.6205883361399174,6.234313890337944,0.32867648079991341,0.10588235408067703,0.12773080261391304,0.53725491464138031,0.614705890417099,0.38859750375979474,0.41232475647398459,0.4480392262339592,0.23529412224888802,0.22549020126461983,0.10254100154485433,0.11912512580401279,0.53259805031120777,250.54239234758307,960.36491767466111,0.0,250.51650326797386,960.42189542483663,0.0,250.75,960.0,0.0,391.5,52
1,53,0,0,77.156864881515503,897.2745309472084,0.43137255311012268,0.15686273574829102,0.92570276802621254,0.72549021244049072,1.0,0.40185867125789326,0.59738650529108417,0.58823531866073608,0.19607843458652496,0.19607843458652496,0.093886681806554365,0.18565671944148948,0.7450980544090271,922.91944074567243,994.2942743009321,0,nan,nan,nan,nan,nan,nan,nan,nan,nan,nan,nan,nan,nan,nan,nan,nan,nan,nan,nan,nan,nan,nan,nan,nan,nan,nan,nan,nan,nan,nan,nan,nan,nan,nan,nan,nan,nan,nan,nan,nan,nan,nan,nan,nan,nan,nan,nan,nan,nan,nan,53
1,54,7,0,71.235296100378036,830.29414166510105,0.43137255311012268,0.078431397676467896,0.43002589815346315,0.82352942228317261,0.94117647409439087,0.42401961964510737,0.52351459121380894,0.50980395078659058,0.23529411852359772,0.23529411852359772,0.10661999874683931,0.13748567083703192,0.60784316062927246,124.7282471626734,1019.531525851198,0,3.6610645204782486,6.8543418922594617,0.34061625440205845,0.12212885916233063,0.10041611545223175,0.61512606484549381,0.66834735444613869,0.39503891486970211,0.43798271942614181,0.43977592033999308,0.23753501900604793,0.23753501900604793,0.11604148990552463,0.13526046039210199,0.57156864340816227,122.35589196674513,1012.5804830203699,0.0,122.37869511440938,1012.6168212739641,0.0,122.57142857142857,1012.4285714285714,0.0,146.42857142857142,nan,nan,nan,nan,nan,nan,nan,nan,nan,nan,nan,nan,nan,nan,nan,nan,nan,nan,nan,nan,nan,nan,nan,nan,nan,54
1,55,1,0,47.176471844315529,494.33334293961525,0.43137255311012268,0.1568627655506134,1.0107995695379688,0.92156863212585449,1.0,0.41749090127712857,0.61179869175694956,0.54901963472366333,0.23529411852359772,0.23529411852359772,0.11714513574510926,0.21927890296440025,0.80392158031463623,162.03341584158414,1015.1200495049505,0,2.8666667491197586,3.2823530286550522,0.364705890417099,0.05098038911819458,0.070530328815390966,0.5215686559677124,0.5215686559677124,0.35833334363996983,0.36470589207278359,0.364705890417099,0.15686275064945221,0.15686275064945221,0.095313839036188563,0.09165254326869969,0.41568627953529358,162.06332138497999,1016.0310633141668,0.0,162.0,1016.0,0.0,162.0,1015.0,0.0,147.0,nan,nan,nan,nan,nan,nan,nan,nan,nan,nan,nan,nan,nan,nan,nan,nan,nan,nan,nan,nan,nan,nan,nan,nan,nan,55
